,Age,Default,Balance,HHInsurance,CarLoan,LastContactDay,NoOfContacts,DaysPassed,PrevAttempts,CarInsurance,CallDuration
count,5000.0,5000.0,5000.0,5000.0,5000.0,5000.0,5000.0,5000.0,5000.0,4000.0,5000.0
mean,41.2664,0.0142,1506.0094,0.4968,0.1306,15.6862,2.5874,49.2958,0.7352,0.401,349.827
std,11.6514283328886,0.11832649843567003,3358.7301282667263,0.5000397663722322,0.3369960730789904,8.4138390819898,2.9732354877899616,107.15284713384993,2.0699608468716746,0.4901622841122982,341.80805727864913
min,18.0,0.0,-3058.0,0.0,0.0,1.0,1.0,-1.0,0.0,0.0,5.0
25%,32.0,0.0,113.0,0.0,0.0,8.0,1.0,-1.0,0.0,0.0,126.0
50%,39.0,0.0,538.0,0.0,0.0,16.0,2.0,-1.0,0.0,0.0,232.0
75%,49.0,0.0,1615.25,1.0,0.0,22.0,3.0,-1.0,0.0,1.0,459.0
max,95.0,1.0,98417.0,1.0,1.0,31.0,43.0,854.0,58.0,1.0,3253.0
